driverId,code,Año,nationality,Fecha,Name Complete,Number
1,HAM,1985,British,1985-1-7,Lewis Hamilton,44.0
2,HEI,1977,German,1977-5-10,Nick Heidfeld,0.0
3,ROS,1985,German,1985-6-27,Nico Rosberg,6.0
4,ALO,1981,Spanish,1981-7-29,Fernando Alonso,14.0
5,KOV,1981,Finnish,1981-10-19,Heikki Kovalainen,0.0
6,NAK,1985,Japanese,1985-1-11,Kazuki Nakajima,0.0
7,BOU,1979,French,1979-2-28,Sébastien Bourdais,0.0
8,RAI,1979,Finnish,1979-10-17,Kimi Räikkönen,7.0
9,KUB,1984,Polish,1984-12-7,Robert Kubica,88.0
10,GLO,1982,German,1982-3-18,Timo Glock,0.0
11,SAT,1977,Japanese,1977-1-28,Takuma Sato,0.0
12,PIQ,1985,Brazilian,1985-7-25,Nelson Piquet Jr.,0.0
13,MAS,1981,Brazilian,1981-4-25,Felipe Massa,19.0
14,COU,1971,British,1971-3-27,David Coulthard,0.0
15,TRU,1974,Italian,1974-7-13,Jarno Trulli,0.0
16,SUT,1983,German,1983-1-11,Adrian Sutil,99.0
17,WEB,1976,Australian,1976-8-27,Mark Webber,0.0
18,BUT,1980,British,1980-1-19,Jenson Button,22.0
19,DAV,1979,British,1979-4-18,Anthony Davidson,0.0
20,VET,1987,German,1987-7-3,Sebastian Vettel,5.0
21,FIS,1973,Italian,1973-1-14,Giancarlo Fisichella,0.0
22,BAR,1972,Brazilian,1972-5-23,Rubens Barrichello,0.0
23,SCH,1975,German,1975-6-30,Ralf Schumacher,0.0
24,LIU,1980,Italian,1980-8-6,Vitantonio Liuzzi,0.0
25,WUR,1974,Austrian,1974-2-15,Alexander Wurz,0.0
26,SPE,1983,American,1983-1-24,Scott Speed,0.0
27,ALB,1979,Dutch,1979-4-16,Christijan Albers,0.0
28,WIN,1980,German,1980-6-13,Markus Winkelhock,0.0
29,YAM,1982,Japanese,1982-7-9,Sakon Yamamoto,0.0
30,MSC,1969,German,1969-1-3,Michael Schumacher,0.0
31,MON,1975,Colombian,1975-9-20,Juan Pablo Montoya,0.0
32,KLI,1983,Austrian,1983-2-7,Christian Klien,0.0
33,TMO,1976,Portuguese,1976-7-24,Tiago Monteiro,0.0
34,IDE,1975,Japanese,1975-1-21,Yuji Ide,0.0
35,VIL,1971,Canadian,1971-4-9,Jacques Villeneuve,0.0
36,FMO,1978,French,1978-1-5,Franck Montagny,0.0
37,DLR,1971,Spanish,1971-2-24,Pedro de la Rosa,0.0
38,DOO,1981,Dutch,1981-9-23,Robert Doornbos,0.0
39,KAR,1977,Indian,1977-1-14,Narain Karthikeyan,0.0
40,FRI,1980,Austrian,1980-9-26,Patrick Friesacher,0.0
41,ZON,1976,Brazilian,1976-3-23,Ricardo Zonta,0.0
42,PIZ,1980,Brazilian,1980-9-11,Antônio Pizzonia,0.0
43,,1973,Brazilian,1973-9-19,Cristiano da Matta,0.0
44,,1966,French,1966-9-2,Olivier Panis,0.0
45,,1979,Italian,1979-2-4,Giorgio Pantano,0.0
46,,1981,Italian,1981-5-30,Gianmaria Bruni,0.0
47,,1981,Hungarian,1981-1-1,Zsolt Baumgartner,0.0
48,,1974,Spanish,1974-3-29,Marc Gené,0.0
49,,1967,German,1967-5-18,Heinz-Harald Frentzen,0.0
50,,1972,Dutch,1972-3-4,Jos Verstappen,0.0
51,,1978,British,1978-7-31,Justin Wilson,0.0
52,,1975,Irish,1975-5-20,Ralph Firman,0.0
53,,1978,Danish,1978-3-3,Nicolas Kiesa,0.0
54,,1975,Brazilian,1975-3-5,Luciano Burti,0.0
55,,1964,French,1964-6-11,Jean Alesi,0.0
56,,1965,British,1965-11-10,Eddie Irvine,0.0
57,,1968,Finnish,1968-9-28,Mika Häkkinen,0.0
58,,1976,Brazilian,1976-1-19,Tarso Marques,0.0
59,,1978,Brazilian,1978-10-19,Enrique Bernoldi,0.0
60,,1975,Argentine,1975-5-8,Gastón Mazzacane,0.0
61,,1976,Czech,1976-9-11,Tomáš Enge,0.0
62,,1976,Malaysian,1976-7-20,Alex Yoong,0.0
63,,1966,Finnish,1966-11-30,Mika Salo,0.0
64,,1970,Brazilian,1970-5-22,Pedro Diniz,0.0
65,,1964,British,1964-6-25,Johnny Herbert,0.0
66,,1969,British,1969-12-29,Allan McNish,0.0
67,BUE,1988,Swiss,1988-10-31,Sébastien Buemi,0.0
68,,1974,Japanese,1974-2-12,Toranosuke Takagi,0.0
69,BAD,1971,Italian,1971-1-25,Luca Badoer,0.0
70,,1966,Italian,1966-10-23,Alessandro Zanardi,0.0
71,,1960,British,1960-9-17,Damon Hill,0.0
72,,1975,French,1975-11-2,Stéphane Sarrazin,0.0
73,,1968,Brazilian,1968-7-27,Ricardo Rosset,0.0
74,,1978,Argentine,1978-4-22,Esteban Tuero,0.0
75,,1971,Japanese,1971-4-1,Shinji Nakano,0.0
76,MAG,1973,Danish,1973-7-4,Jan Magnussen,0.0
77,,1959,Austrian,1959-8-27,Gerhard Berger,0.0
78,,1964,Italian,1964-3-19,Nicola Larini,0.0
79,,1963,Japanese,1963-5-29,Ukyo Katayama,0.0
80,,1966,Italian,1966-10-7,Vincenzo Sospiri,0.0
81,,1968,Italian,1968-1-13,Gianni Morbidelli,0.0
82,,1975,Argentine,1975-1-20,Norberto Fontana,0.0
83,,1972,Portuguese,1972-3-20,Pedro Lamy,0.0
84,,1959,British,1959-6-1,Martin Brundle,0.0
85,,1964,Italian,1964-5-30,Andrea Montermini,0.0
86,,1958,Italian,1958-2-18,Giovanni Lavaggi,0.0
87,,1966,British,1966-4-8,Mark Blundell,0.0
88,,1960,Japanese,1960-9-8,Aguri Suzuki,0.0
89,,1963,Japanese,1963-9-5,Taki Inoue,0.0
90,,1959,Brazilian,1959-2-11,Roberto Moreno,0.0
91,,1968,Austrian,1968-12-20,Karl Wendlinger,0.0
92,,1962,Belgian,1962-12-23,Bertrand Gachot,0.0
93,,1967,Italian,1967-11-17,Domenico Schiattarella,0.0
94,,1961,Italian,1961-4-23,Pierluigi Martini,0.0
95,,1953,British,1953-8-8,Nigel Mansell,0.0
96,,1969,French,1969-12-27,Jean-Christophe Boullion,0.0
97,,1969,Italian,1969-10-3,Massimiliano Papis,0.0
98,,1963,Swiss,1963-10-1,Jean-Denis Délétraz,0.0
99,,1962,Italian,1962-3-2,Gabriele Tarquini,0.0
100,,1963,French,1963-9-28,Érik Comas,0.0
101,,1965,Australian,1965-9-5,David Brabham,0.0
102,,1960,Brazilian,1960-3-21,Ayrton Senna,0.0
103,,1964,French,1964-8-24,Éric Bernard,0.0
104,,1971,Brazilian,1971-1-18,Christian Fittipaldi,0.0
105,,1956,Italian,1956-12-23,Michele Alboreto,0.0
106,,1969,Monegasque,1969-11-23,Olivier Beretta,0.0
107,,1960,Austrian,1960-7-4,Roland Ratzenberger,0.0
108,,1963,French,1963-4-23,Paul Belmondo,0.0
109,,1966,Finnish,1966-1-31,Jyrki Järvilehto,0.0
110,,1959,Italian,1959-5-31,Andrea de Cesaris,0.0
111,,1963,French,1963-1-1,Jean-Marc Gounon,0.0
112,,1954,French,1954-7-27,Philippe Alliot,0.0
113,,1969,Belgian,1969-11-19,Philippe Adams,0.0
114,,1961,French,1961-7-28,Yannick Dalmas,0.0
115,,1969,Japanese,1969-3-7,Hideki Noda,0.0
116,,1968,French,1968-9-1,Franck Lagorce,0.0
117,,1955,French,1955-2-24,Alain Prost,0.0
118,,1954,British,1954-8-27,Derek Warwick,0.0
119,,1954,Italian,1954-4-17,Riccardo Patrese,0.0
120,,1963,Italian,1963-4-2,Fabrizio Barbazza,0.0
121,,1962,American,1962-10-5,Michael Andretti,0.0
122,,1963,Italian,1963-5-24,Ivan Capelli,0.0
123,,1957,Belgian,1957-7-13,Thierry Boutsen,0.0
124,,1965,Italian,1965-10-7,Marco Apicella,0.0
125,,1968,Italian,1968-2-24,Emanuele Naspetti,0.0
126,,1955,Japanese,1955-3-10,Toshio Suzuki,0.0
127,,1963,Brazilian,1963-4-20,Maurício Gugelmin,0.0
128,,1961,Belgian,1961-9-30,Eric van de Poele,0.0
129,,1958,French,1958-9-2,Olivier Grouillard,0.0
130,,1964,Swiss,1964-5-6,Andrea Chiesa,0.0
131,,1963,Italian,1963-5-12,Stefano Modena,0.0
132,,1959,Italian,1959-7-20,Giovanna Amati,0.0
133,,1964,Italian,1964-3-18,Alex Caffi,0.0
134,,1964,Italian,1964-9-19,Enrico Bertaggia,0.0
135,,1961,British,1961-3-3,Perry McCarthy,0.0
136,,1956,Dutch,1956-6-2,Jan Lammers,0.0
137,,1952,Brazilian,1952-8-17,Nelson Piquet,0.0
138,,1953,Japanese,1953-2-23,Satoru Nakajima,0.0
139,,1962,Italian,1962-1-12,Emanuele Pirro,0.0
140,,1956,Swedish,1956-9-8,Stefan Johansson,0.0
141,,1961,British,1961-10-9,Julian Bailey,0.0
142,,1965,Portuguese,1965-2-27,Pedro Chaves,0.0
143,,1968,German,1968-3-8,Michael Bartels,0.0
144,,1966,Japanese,1966-6-13,Naoki Hattori,0.0
145,,1959,Italian,1959-7-7,Alessandro Nannini,0.0
146,,1964,German,1964-7-20,Bernd Schneider,0.0
147,,1961,Italian,1961-4-20,Paolo Barilla,0.0
148,,1965,Swiss,1965-3-27,Gregor Foitek,0.0
149,,1960,Italian,1960-7-20,Claudio Langes,0.0
150,,1961,Australian,1961-3-29,Gary Brabham,0.0
151,,1964,British,1964-3-26,Martin Donnelly,0.0
152,,1952,Italian,1952-9-10,Bruno Giacomelli,0.0
153,ALG,1990,Spanish,1990-3-23,Jaime Alguersuari,0.0
154,GRO,1986,French,1986-4-17,Romain Grosjean,8.0
155,KOB,1986,Japanese,1986-9-13,Kamui Kobayashi,10.0
156,,1956,British,1956-11-7,Jonathan Palmer,0.0
157,,1958,German,1958-4-4,Christian Danner,0.0
158,,1958,American,1958-1-10,Eddie Cheever,0.0
159,,1959,Spanish,1959-5-15,Luis Pérez-Sala,0.0
160,,1952,Italian,1952-1-16,Piercarlo Ghinzani,0.0
161,,1962,German,1962-3-18,Volker Weidler,0.0
162,,1961,French,1961-5-27,Pierre-Henri Raphanel,0.0
163,,1948,French,1948-7-4,René Arnoux,0.0
164,,1960,German,1960-10-24,Joachim Winkelhock,0.0
165,,1954,Argentine,1954-8-19,Oscar Larrauri,0.0
166,,1955,French,1955-6-26,Philippe Streiff,0.0
167,,1960,Spanish,1960-6-17,Adrián Campos,0.0
168,,1948,French,1948-9-12,Jean-Louis Schlesser,0.0
169,,1960,French,1960-1-9,Pascal Fabre,0.0
170,,1955,Italian,1955-3-9,Teo Fabi,0.0
171,,1958,Swiss,1958-9-22,Franco Forini,0.0
172,,1943,French,1943-11-21,Jacques Laffite,0.0
173,,1958,Italian,1958-3-26,Elio de Angelis,0.0
174,,1958,British,1958-4-26,Johnny Dumfries,0.0
175,,1949,French,1949-6-25,Patrick Tambay,0.0
176,,1951,Swiss,1951-9-18,Marc Surer,0.0
177,,1948,Finnish,1948-12-6,Keke Rosberg,0.0
178,,1946,Australian,1946-11-2,Alan Jones,0.0
179,,1954,Dutch,1954-10-8,Huub Rothengatter,0.0
180,,1961,Canadian,1961-8-1,Allen Berg,0.0
181,,1951,German,1951-10-6,Manfred Winkelhock,0.0
182,,1949,Austrian,1949-2-22,Niki Lauda,0.0
183,,1956,French,1956-12-30,François Hesnault,0.0
184,,1954,Italian,1954-1-31,Mauro Baldi,0.0
185,,1957,German,1957-11-20,Stefan Bellof,0.0
186,,1957,British,1957-11-27,Kenny Acheson,0.0
187,,1946,British,1946-5-4,John Watson,0.0
188,,1956,Venezuelan,1956-1-25,Johnny Cecotto,0.0
189,,1954,Austrian,1954-1-24,Jo Gartner,0.0
190,,1961,Italian,1961-4-12,Corrado Fabi,0.0
191,,1961,New Zealander,1961-3-30,Mike Thackwell,0.0
192,,1957,Brazilian,1957-2-3,Chico Serra,0.0
193,,1950,American,1950-3-9,Danny Sullivan,0.0
194,,1954,Chilean,1954-11-14,Eliseo Salazar,0.0
195,,1958,Colombian,1958-11-16,Roberto Guerrero,0.0
196,,1957,Brazilian,1957-12-4,Raul Boesel,0.0
197,,1946,French,1946-7-10,Jean-Pierre Jarier,0.0
198,,1953,Canadian,1953-11-4,Jacques Villeneuve Sr.,0.0
199,,1942,Argentine,1942-4-12,Carlos Reutemann,0.0
200,,1946,German,1946-9-30,Jochen Mass,0.0
201,,1946,Swedish,1946-11-25,Slim Borgudd,0.0
202,,1952,French,1952-3-26,Didier Pironi,0.0
203,,1950,Canadian,1950-1-18,Gilles Villeneuve,0.0
204,,1958,Italian,1958-6-15,Riccardo Paletti,0.0
205,,1946,British,1946-9-19,Brian Henton,0.0
206,,1953,Irish,1953-3-11,Derek Daly,0.0
207,,1940,American,1940-2-28,Mario Andretti,0.0
208,,1946,Spanish,1946-7-26,Emilio de Villota,0.0
209,,1951,British,1951-5-1,Geoff Lees,0.0
210,,1958,Irish,1958-5-6,Tommy Byrne,0.0
211,,1955,British,1955-2-26,Rupert Keegan,0.0
212,,1956,Mexican,1956-2-5,Hector Rebaque,0.0
213,,1957,Italian,1957-1-2,Beppe Gabbiani,0.0
214,,1956,American,1956-3-31,Kevin Cogan,0.0
215,,1953,Argentine,1953-8-31,Miguel Ángel Guerra,0.0
216,,1952,Italian,1952-10-10,Siegfried Stohr,0.0
217,,1949,Argentine,1949-4-13,Ricardo Zunino,0.0
218,,1949,Colombian,1949-8-8,Ricardo Londoño,0.0
219,,1942,French,1942-10-1,Jean-Pierre Jabouille,0.0
220,,1947,Italian,1947-11-8,Giorgio Francia,0.0
221,,1944,French,1944-8-9,Patrick Depailler,0.0
222,,1950,South African,1950-1-29,Jody Scheckter,0.0
223,,1939,Swiss,1939-9-5,Clay Regazzoni,0.0
224,,1946,Brazilian,1946-12-12,Emerson Fittipaldi,0.0
225,,1953,Irish,1953-1-15,Dave Kennedy,0.0
226,,1952,British,1952-2-19,Stephen South,0.0
227,,1951,British,1951-10-29,Tiff Needell,0.0
228,,1953,South African,1953-11-26,Desiré Wilson,0.0
229,,1948,Austrian,1948-8-31,Harald Ertl,0.0
230,,1937,Italian,1937-11-11,Vittorio Brambilla,0.0
231,,1947,British,1947-8-29,James Hunt,0.0
232,,1943,Italian,1943-3-11,Arturo Merzario,0.0
233,,1951,German,1951-1-1,Hans-Joachim Stuck,0.0
234,,1950,Italian,1950-1-18,Gianfranco Brancatelli,0.0
235,,1945,Belgian,1945-1-1,Jacky Ickx,0.0
236,,1952,French,1952-2-12,Patrick Gaillard,0.0
237,,1948,Brazilian,1948-11-7,Alex Ribeiro,0.0
238,,1944,Swedish,1944-2-14,Ronnie Peterson,0.0
239,,1945,American,1945-11-14,Brett Lunger,0.0
240,,1942,American,1942-5-21,Danny Ongais,0.0
241,,1953,Italian,1953-5-24,Lamberto Leoni,0.0
242,,1944,British,1944-8-13,Divina Galica,0.0
243,,1943,German,1943-7-11,Rolf Stommelen,0.0
244,,1946,Italian,1946-2-23,Alberto Colombo,0.0
245,,1943,British,1943-1-24,Tony Trimmer,0.0
246,,1948,Austrian,1948-6-12,Hans Binder,0.0
247,,1949,Dutch,1949-10-2,Michael Bleekemolen,0.0
248,,1938,Italian,1938-1-1,Carlo Franchi,0.0
249,,1953,American,1953-1-10,Bobby Rahal,0.0
250,,1944,Brazilian,1944-10-6,Carlos Pace,0.0
251,,1947,South African,1947-8-22,Ian Scheckter,0.0
252,,1949,British,1949-6-11,Tom Pryce,0.0
253,,1953,Brazilian,1953-2-28,Ingo Hoffmann,0.0
254,,1946,Italian,1946-12-12,Renzo Zorzi,0.0
255,,1948,Swedish,1948-11-20,Gunnar Nilsson,0.0
256,,1950,Australian,1950-3-18,Larry Perkins,0.0
257,,1949,Dutch,1949-5-3,Boy Lunger,0.0
258,,1949,Belgian,1949-10-13,Patrick Nève,0.0
259,,1945,British,1945-1-26,David Purley,0.0
260,,1939,Swedish,1939-12-28,Conny Andersson,0.0
261,,1952,Belgian,1952-9-19,Bernard de Dryver,0.0
262,,1942,British,1942-8-14,Jackie Oliver,0.0
263,,1948,Finnish,1948-5-17,Mikko Kozarowitzky,0.0
264,,1947,British,1947-5-9,Andy Sutcliffe,0.0
265,,1942,British,1942-12-30,Guy Edwards,0.0
266,,1945,Australian,1945-12-13,Brian McGuire,0.0
267,,1943,Australian,1943-3-19,Vern Schuppan,0.0
268,,1943,German,1943-3-16,Hans Heyer,0.0
269,,1942,Belgian,1942-7-26,Teddy Pilette,0.0
270,,1947,British,1947-10-26,Ian Ashley,0.0
271,,1950,Swiss,1950-4-1,Loris Kessel,0.0
272,,1940,Japanese,1940-1-29,Kunimitsu Takahashi,0.0
273,,1947,Japanese,1947-7-1,Kazuyoshi Hoshino,0.0
274,,1951,Japanese,1951-6-6,Noritake Takahara,0.0
275,,1941,Italian,1941-3-26,Lella Lombardi,0.0
276,,1947,British,1947-6-11,Bob Evans,0.0
277,,1946,French,1946-3-18,Michel Leclère,0.0
278,,1943,New Zealander,1943-7-20,Chris Amon,0.0
279,,1944,Spanish,1944-5-27,Emilio Zapico,0.0
280,,1942,French,1942-9-25,Henri Pescarolo,0.0
281,,1944,Danish,1944-4-19,Jac Nelleman,0.0
282,,1945,British,1945-11-17,Damien Magee,0.0
283,,1946,British,1946-1-7,Mike Wilds,0.0
284,,1942,Italian,1942-8-31,Alessandro Pesenti-Rossi,0.0
285,,1947,Austrian,1947-3-3,Otto Stuppacher,0.0
286,,1949,Australian,1949-12-24,Warwick Brown,0.0
287,,1945,Japanese,1945-11-13,Masahiro Hasemi,0.0
288,,1937,American,1937-3-18,Mark Donohue,0.0
289,,1929,British,1929-2-15,Graham Hill,0.0
290,,1943,Brazilian,1943-12-25,Wilson Fittipaldi,0.0
291,,1948,South African,1948-12-1,Guy Tunmer,0.0
292,,1944,South African,1944-9-12,Eddie Keizan,0.0
293,,1936,South African,1936-10-27,Dave Charlton,0.0
294,,1952,British,1952-3-28,Tony Brise,0.0
295,,1948,Dutch,1948-12-12,Roelof Wunderink,0.0
296,,1944,French,1944-12-4,François Migault,0.0
297,,1947,Swedish,1947-7-23,Torsten Palm,0.0
298,,1942,Dutch,1942-3-16,Gijs van Lennep,0.0
299,,1946,Japanese,1946-3-10,Hiroshi Fushida,0.0
300,,1941,New Zealander,1941-10-6,John Nicholson,0.0
301,,1944,British,1944-8-7,Dave Morgan,0.0
302,,1948,British,1948-2-13,Jim Crawford,0.0
303,,1942,Swiss,1942-5-31,Jo Vonlanthen,0.0
304,,1936,New Zealander,1936-6-18,Denny Hulme,0.0
305,,1940,British,1940-4-2,Mike Hailwood,0.0
306,,1937,French,1937-4-26,Jean-Pierre Beltoise,0.0
307,,1941,New Zealander,1941-12-24,Howden Ganley,0.0
308,,1944,British,1944-9-22,Richard Robarts,0.0
309,,1939,American,1939-2-27,Peter Revson,0.0
310,,1934,South African,1934-5-13,Paddy Driver,0.0
311,,1942,Danish,1942-8-27,Tom Belsø,0.0
312,,1937,British,1937-3-9,Brian Redman,0.0
313,,1947,Liechtensteiner,1947-10-14,Rikky von Opel,0.0
314,,1943,Australian,1943-9-26,Tim Schenken,0.0
315,,1940,French,1940-5-23,Gérard Larrousse,0.0
316,,1943,Finnish,1943-8-5,Leo Kinnunen,0.0
317,,1941,Swedish,1941-9-30,Reine Wisell,0.0
318,,1943,Swedish,1943-10-12,Bertil Roos,0.0
319,,1944,French,1944-4-26,José Dolhem,0.0
320,,1940,British,1940-2-21,Peter Gethin,0.0
321,,1941,British,1941-10-31,Derek Bell,0.0
322,,1939,British,1939-6-9,David Hobbs,0.0
323,,1939,Austrian,1939-5-30,Dieter Quester,0.0
324,,1948,Austrian,1948-11-3,Helmuth Koinigg,0.0
325,,1935,Italian,1935-6-26,Carlo Facetti,0.0
326,,1938,Canadian,1938-5-28,Eppie Wietzes,0.0
327,,1944,French,1944-2-25,François Cevert,0.0
328,,1939,British,1939-6-11,Jackie Stewart,0.0
329,,1940,British,1940-4-13,Mike Beuttler,0.0
330,,1940,Italian,1940-10-2,Nanni Galli,0.0
331,,1937,Brazilian,1937-1-16,Luiz Bueno,0.0
332,,1934,American,1934-1-27,George Follmer,0.0
333,,1941,Italian,1941-10-3,Andrea de Adamich,0.0
334,,1934,South African,1934-11-22,Jackie Pretorius,0.0
335,,1948,British,1948-2-2,Roger Williamson,0.0
336,,1940,New Zealander,1940-3-5,Graham McRae,0.0
337,,1943,Austrian,1943-4-27,Helmut Marko,0.0
338,,1941,Australian,1941-6-10,David Walker,0.0
339,,1932,Spanish,1932-10-29,Alex Soler-Roig,0.0
340,,1924,Rhodesian,1924-12-7,John Love,0.0
341,,1934,British,1934-2-11,John Surtees,0.0
342,,1936,American,1936-11-16,Skip Barber,0.0
343,,1935,Canadian,1935-12-26,Bill Brack,0.0
344,,1944,American,1944-5-26,Sam Posey,0.0
345,,1940,Mexican,1940-1-18,Pedro Rodríguez,0.0
346,,1936,Swiss,1936-7-7,Jo Siffert,0.0
347,,1930,Swedish,1930-1-31,Jo Bonnier,0.0
348,,1943,French,1943-2-24,François Mazet,0.0
349,,1943,French,1943-7-27,Max Jean,0.0
350,,1935,British,1935-6-10,Vic Elford,0.0
351,,1941,Swiss,1941-4-24,Silvio Moser,0.0
352,,1945,Canadian,1945-11-12,George Eaton,0.0
353,,1926,American,1926-4-11,Pete Lovely,0.0
354,,1939,British,1939-11-17,Chris Craft,0.0
355,,1933,Canadian,1933-6-21,John Cannon,0.0
356,,1926,Australian,1926-4-2,Jack Brabham,0.0
357,,1943,British,1943-6-14,John Miles,0.0
358,,1942,Austrian,1942-4-18,Jochen Rindt,0.0
359,,1942,French,1942-1-18,Johnny Servoz-Gavin,0.0
360,,1937,New Zealander,1937-8-30,Bruce McLaren,0.0
361,,1942,British,1942-5-27,Piers Courage,0.0
362,,1935,South African,1935-3-16,Peter de Klerk,0.0
363,,1941,Italian,1941-8-30,Ignazio Giunti,0.0
364,,1931,American,1931-4-13,Dan Gurney,0.0
365,,1935,German,1935-3-28,Hubert Hahne,0.0
366,,1937,American,1937-4-26,Gus Hutchison,0.0
367,,1938,British,1938-5-26,Peter Westbury,0.0
368,,1921,Rhodesian,1921-8-24,Sam Tingle,0.0
369,,1939,South African,1939-4-19,Basil van Rooyen,0.0
370,,1940,British,1940-4-4,Richard Attwood,0.0
371,,1921,Canadian,1921-10-15,Al Pease,0.0
372,,1935,Canadian,1935-7-23,John Cordts,0.0
373,,1936,British,1936-3-4,Jim Clark,0.0
374,,1936,British,1936-12-30,Mike Spence,0.0
375,,1933,Italian,1933-10-18,Ludovico Scarfiotti,0.0
376,BIA,1934,Belgian,1934-11-10,Lucien Bianchi,0.0
377,,1928,French,1928-5-18,Jo Schlesser,0.0
378,,1942,British,1942-5-27,Robin Widdows,0.0
379,,1940,German,1940-4-19,Kurt Ahrens,0.0
380,,1930,Australian,1930-10-1,Frank Gardner,0.0
381,,1934,American,1934-2-20,Bobby Unser,0.0
382,,1935,Mexican,1935-12-26,Moisés Solana,0.0
383,,1931,British,1931-5-19,Bob Anderson,0.0
384,,1930,South African,1930-1-16,Luki Botha,0.0
385,,1935,Italian,1935-12-21,Lorenzo Bandini,0.0
386,,1930,American,1930-8-5,Richie Ginther,0.0
387,,1931,British,1931-9-24,Mike Parkes,0.0
388,,1942,British,1942-6-27,Chris Irwin,0.0
389,,1930,French,1930-7-12,Guy Ligier,0.0
390,,1938,British,1938-1-12,Alan Rees,0.0
391,,1936,British,1936-9-7,Brian Hart,0.0
392,,1943,American,1943-3-13,Mike Fisher,0.0
393,,1943,American,1943-4-26,Tom Jones,0.0
394,,1934,Italian,1934-12-25,Giancarlo Baghetti,0.0
395,,1942,British,1942-10-26,Jonathan Williams,0.0
396,,1933,American,1933-4-27,Bob Bondurant,0.0
397,,1933,British,1933-11-8,Peter Arundell,0.0
398,,1931,British,1931-4-14,Vic Wilson,0.0
399,,1933,British,1933-3-23,John Taylor,0.0
400,,1933,British,1933-7-27,Chris Lawrence,0.0
401,,1936,British,1936-12-26,Trevor Taylor,0.0
402,,1937,Italian,1937-10-23,Giacomo Russo,0.0
403,,1927,American,1927-4-20,Phil Hill,0.0
404,,1930,British,1930-6-12,Innes Ireland,0.0
405,,1936,American,1936-4-5,Ronnie Bucknum,0.0
406,,1937,Australian,1937-10-12,Paul Hawkins,0.0
407,,1937,British,1937-10-9,David Prophet,0.0
408,,1937,South African,1937-2-9,Tony Maggs,0.0
409,,1935,South African,1935-11-30,Trevor Blokdyk,0.0
410,,1938,South African,1938-9-25,Neville Lederle,0.0
411,,1920,South African,1920-12-9,Doug Serrurier,0.0
412,,1939,South African,1939-1-7,Brausch Niemann,0.0
413,,1938,South African,1938-7-4,Ernie Pieterse,0.0
414,,1941,Rhodesian,1941-7-11,Clive Puzey,0.0
415,,1932,South African,1932-4-30,Ray Reed,0.0
416,,1931,South African,1931-5-18,David Clapham,0.0
417,,1932,South African,1932-11-30,Alex Blignaut,0.0
418,,1932,American,1932-2-29,Masten Gregory,0.0
419,,1927,British,1927-8-18,John Rhodes,0.0
420,,1921,British,1921-9-22,Ian Raby,0.0
421,,1943,British,1943-5-15,Alan Rollinson,0.0
422,,1934,British,1934-4-17,Brian Gubby,0.0
423,,1935,German,1935-8-30,Gerhard Mitter,0.0
424,,1927,Italian,1927-10-4,Roberto Bussinello,0.0
425,,1933,Italian,1933-3-4,Nino Vaccarella,0.0
426,,1934,Italian,1934-1-20,Giorgio Bassi,0.0
427,,1917,French,1917-10-30,Maurice Trintignant,0.0
428,,1930,French,1930-10-7,Bernard Collomb,0.0
429,,1918,Belgian,1918-10-6,André Pilette,0.0
430,,1934,Dutch,1934-4-10,Carel Godin de Beaufort,0.0
431,,1917,German,1917-1-26,Edgar Barth,0.0
432,,1934,Portuguese,1934-1-15,Mário de Araújo Cabral,0.0
433,,1919,American,1919-10-28,Walt Hansgen,0.0
434,,1928,American,1928-1-1,Hap Sharp,0.0
435,,1928,Belgian,1928-10-1,Willy Mairesse,0.0
436,,1930,British,1930-1-21,John Campbell-Jones,0.0
437,,1930,British,1930-7-6,Ian Burgess,0.0
438,,1926,American,1926-7-10,Tony Settember,0.0
439,,1932,Argentine,1932-11-18,Nasif Estéfano,0.0
440,,1935,American,1935-7-23,Jim Hall,0.0
441,,1932,British,1932-6-25,Tim Parnell,0.0
442,,1910,German,1910-4-30,Kurt Kuhnke,0.0
443,,1934,Italian,1934-1-31,Ernesto Brambilla,0.0
444,,1926,Italian,1926-10-17,Roberto Lippi,0.0
445,,1937,German,1937-10-18,Günther Seiffert,0.0
446,,1932,Italian,1932-7-10,Carlo Abate,0.0
447,,1932,Italian,1932-12-3,Gaetano Starrabba,0.0
448,,1926,Canadian,1926-5-15,Peter Broeker,0.0
449,,1921,American,1921-1-10,Rodger Ward,0.0
450,,1941,Dutch,1941-7-1,Ernie de Vos,0.0
451,,1920,American,1920-10-8,Frank Dochnal,0.0
452,,1945,American,1945-9-3,Thomas Monarch,0.0
453,,1936,British,1936-11-1,Jackie Lewis,0.0
454,,1942,Mexican,1942-2-14,Ricardo Rodríguez,0.0
455,,1926,German,1926-7-4,Wolfgang Seidel,0.0
456,,1922,British,1922-5-12,Roy Salvadori,0.0
457,,1936,Dutch,1936-12-9,Ben Pon,0.0
458,,1929,Dutch,1929-6-13,Rob Slotemaker,0.0
459,,1931,British,1931-7-20,Tony Marsh,0.0
460,,1936,British,1936-7-25,Gerry Ashmore,0.0
461,,1930,Swiss,1930-1-25,Heinz Schiller,0.0
462,,1933,British,1933-7-29,Colin Davis,0.0
463,,1925,American,1925-12-29,Jay Chamberlain,0.0
464,,1937,New Zealander,1937-2-2,Tony Shelly,0.0
465,,1938,British,1938-1-5,Keith Greene,0.0
466,,1927,Swiss,1927-7-28,Heini Walter,0.0
467,,1923,Italian,1923-4-15,Ernesto Prinoth,0.0
468,,1937,American,1937-2-20,Roger Penske,0.0
469,,1926,British,1926-5-11,Rob Schroeder,0.0
470,,1938,American,1938-2-22,Timmy Mayer,0.0
471,,1937,South African,1937-1-30,Bruce Johnstone,0.0
472,,1939,South African,1939-5-25,Mike Harris,0.0
473,,1937,Rhodesian,1937-9-30,Gary Hocking,0.0
474,,1920,South African,1920-6-1,Syd van der Vyver,0.0
475,,1929,British,1929-9-17,Stirling Moss,0.0
476,,1928,German,1928-5-4,Wolfgang von Trips,0.0
477,,1932,British,1932-2-8,Cliff Allison,0.0
478,,1928,German,1928-2-23,Hans Herrmann,0.0
479,,1932,British,1932-2-25,Tony Brooks,0.0
480,,1934,Swiss,1934-8-18,Michael May,0.0
481,,1932,British,1932-12-16,Henry Taylor,0.0
482,,1924,Belgian,1924-1-12,Olivier Gendebien,0.0
483,,1921,Italian,1921-10-2,Giorgio Scarlatti,0.0
484,,1923,British,1923-3-24,Brian Naylor,0.0
485,,1934,Argentine,1934-1-28,Juan Manuel Bordeu,0.0
486,,1913,British,1913-3-15,Jack Fairman,0.0
487,,1935,Italian,1935-7-28,Massimo Natili,0.0
488,,1934,Swiss,1934-6-7,Peter Monteverdi,0.0
489,,1933,Italian,1933-3-26,Renato Pirocchi,0.0
490,,1923,British,1923-3-29,Geoff Duke,0.0
491,,1920,American-Italian,1920-4-5,Alfonso Thiele,0.0
492,,1930,Italian,1930-1-4,Menato Boffa,0.0
493,,1940,Canadian,1940-6-10,Peter Ryan,0.0
494,,1928,American,1928-1-12,Lloyd Ruby,0.0
495,,1918,British,1918-11-1,Ken Miles,0.0
496,,1914,Argentine,1914-8-10,Carlos Menditeguy,0.0
497,,1934,Argentine,1934-1-14,Alberto Rodriguez Larreta,0.0
498,,1922,Argentine,1922-10-5,José Froilán González,0.0
499,,1919,Argentine,1919-9-30,Roberto Bonomi,0.0
500,,1928,Italian,1928-4-2,Gino Munaron,0.0
501,,1921,American,1921-6-29,Harry Schell,0.0
502,,1933,British,1933-8-29,Alan Stacey,0.0
503,,1921,Venezuelan,1921-6-4,Ettore Chimeri,0.0
504,,1924,Spanish,1924-10-28,Antonio Creus,0.0
505,,1937,British,1937-12-2,Chris Bristow,0.0
506,,1931,British,1931-5-18,Bruce Halford,0.0
507,,1923,American,1923-11-29,Chuck Daigh,0.0
508,,1936,American,1936-2-24,Lance Reventlow,0.0
509,,1928,American,1928-7-16,Jim Rathmann,0.0
510,,1925,American,1925-10-2,Paul Goldsmith,0.0
511,,1920,American,1920-6-2,Don Branson,0.0
512,,1922,American,1922-4-9,Johnny Thomson,0.0
513,,1919,American,1919-2-10,Eddie Johnson,0.0
514,,1926,American,1926-11-1,Bob Veith,0.0
515,,1928,American,1928-4-4,Bud Tingelstad,0.0
516,,1924,American,1924-4-4,Bob Christie,0.0
517,,1929,American,1929-1-19,Red Amick,0.0
518,,1913,American,1913-5-5,Duane Carter,0.0
519,,1918,American,1918-8-31,Bill Homeier,0.0
520,,1926,American,1926-1-28,Gene Hartley,0.0
521,,1919,American,1919-10-15,Chuck Stevenson,0.0
522,,1924,American,1924-9-4,Bobby Grim,0.0
523,,1919,American,1919-8-12,Shorty Templeman,0.0
524,,1932,American,1932-12-5,Jim Hurtubise,0.0
525,,1926,American,1926-1-28,Jimmy Bryan,0.0
526,,1930,American,1930-3-11,Troy Ruttman,0.0
527,,1927,American,1927-5-28,Eddie Sachs,0.0
528,,1925,American,1925-3-25,Don Freeland,0.0
529,,1916,American,1916-9-12,Tony Bettenhausen,0.0
530,,1934,American,1934-12-9,Wayne Weiler,0.0
531,,1935,American,1935-1-16,Anthony Foyt,0.0
532,,1925,American,1925-11-19,Eddie Russo,0.0
533,,1926,American,1926-8-19,Johnny Boyd,0.0
534,,1916,American,1916-6-15,Gene Force,0.0
535,,1927,American,1927-7-4,Jim McWithey,0.0
536,,1925,American,1925-8-9,Len Sutton,0.0
537,,1924,American,1924-1-6,Dick Rathmann,0.0
538,,1927,American,1927-3-15,Al Herman,0.0
539,,1927,American,1927-3-11,Dempsey Wilson,0.0
540,,1934,British,1934-4-24,Mike Taylor,0.0
541,,1923,British,1923-6-16,Ron Flockhart,0.0
542,,1930,British,1930-12-2,David Piper,0.0
543,,1923,Italian,1923-2-19,Giulio Cabianca,0.0
544,,1926,Italian,1926-8-8,Piero Drogo,0.0
545,,1932,American,1932-3-17,Fred Gamble,0.0
546,,1915,British,1915-3-23,Arthur Owen,0.0
547,,1918,British,1918-9-20,Horace Gould,0.0
548,,1919,American,1919-12-14,Bob Drake,0.0
549,,1923,British,1923-6-6,Ivor Bueb,0.0
550,,1922,Belgian,1922-2-5,Alain de Changy,0.0
551,,1926,Italian,1926-11-11,Maria de Filippis,0.0
552,,1923,French,1923-1-7,Jean Lucienbonnet,0.0
553,,1926,Monegasque,1926-4-13,André Testut,0.0
554,,1921,French,1921-2-16,Jean Behra,0.0
555,,1914,American,1914-4-10,Paul Russo,0.0
556,,1924,American,1924-8-28,Jimmy Daywalt,0.0
557,,1926,American,1926-5-30,Chuck Arnold,0.0
558,,1920,American,1920-4-11,Al Keller,0.0
559,,1926,American,1926-1-6,Pat Flaherty,0.0
560,,1927,American,1927-6-12,Bill Cheesbourg,0.0
561,,1915,American,1915-10-26,Ray Crawford,0.0
562,,1920,American,1920-2-12,Jack Turner,0.0
563,,1923,American,1923-4-3,Chuck Weyant,0.0
564,,1923,American,1923-1-21,Jud Larson,0.0
565,,1920,American,1920-2-8,Mike Magill,0.0
566,,1923,American,1923-1-11,Carroll Shelby,0.0
567,,1938,Brazilian,1938-3-25,Fritz d'Orey,0.0
568,,1922,Uruguayan,1922-12-26,Azdrubal Fontes,0.0
569,,1934,British,1934-10-16,Peter Ashdown,0.0
570,,1933,British,1933-9-4,Bill Moss,0.0
571,,1921,British,1921-6-12,Dennis Taylor,0.0
572,,1929,American,1929-6-13,Harry Blanchard,0.0
573,,1928,Argentine-Italian,1928-7-10,Alessandro de Tomaso,0.0
574,,1918,American,1918-2-22,George Constantine,0.0
575,,1932,American,1932-5-5,Bob Said,0.0
576,,1916,American,1916-6-12,Phil Cade,0.0
577,,1924,Italian,1924-7-28,Luigi Musso,0.0
578,,1929,British,1929-4-10,Mike Hawthorn,0.0
579,,1911,Argentine,1911-6-24,Juan Fangio,0.0
580,,1921,Spanish,1921-3-21,Paco Godia,0.0
581,,1931,British,1931-11-6,Peter Collins,0.0
582,,1923,Australian,1923-12-12,Ken Kavanagh,0.0
583,,1928,Italian,1928-8-10,Gerino Gerini,0.0
584,,1936,American,1936-3-23,Bruce Kessler,0.0
585,,1916,British,1916-11-12,Paul Emery,0.0
586,,1913,Italian,1913-10-27,Luigi Piotti,0.0
587,,1930,British,1930-10-28,Bernie Ecclestone,0.0
588,,1932,Italian,1932-5-5,Luigi Taramazzo,0.0
589,,1899,Monegasque,1899-8-3,Louis Chiron,0.0
590,,1930,British,1930-4-20,Stuart Lewis-Evans,0.0
591,,1924,American,1924-10-24,George Amick,0.0
592,,1929,American,1929-11-17,Jimmy Reece,0.0
593,,1918,American,1918-7-4,Johnnie Parsons,0.0
594,,1917,American,1917-10-22,Johnnie Tolan,0.0
595,,1933,American,1933-4-24,Billy Garrett,0.0
596,,1926,American,1926-12-9,Ed Elisian,0.0
597,,1928,American,1928-10-9,Pat O'Connor,0.0
598,,1932,American,1932-11-15,Jerry Unser,0.0
599,,1926,American,1926-11-10,Art Bisch,0.0
600,,1928,Belgian,1928-8-4,Christian Goethals,0.0
601,,1918,British,1918-4-16,Dick Gibson,0.0
602,,1917,French,1917-2-26,Robert La Caze,0.0
603,,1919,French,1919-5-6,André Guelfi,0.0
604,,1921,French,1921-4-26,François Picard,0.0
605,,1934,British,1934-6-24,Tom Bridger,0.0
606,,1928,Spanish,1928-10-11,Alfonso de Portago,0.0
607,,1932,Italian,1932-10-21,Cesare Perdisa,0.0
608,,1930,Italian,1930-10-10,Eugenio Castellotti,0.0
609,,1920,French,1920-1-5,André Simon,0.0
610,,1920,British,1920-12-16,Les Leston,0.0
611,,1914,American,1914-7-13,Sam Hanks,0.0
612,,1922,American,1922-4-5,Andy Linden,0.0
613,,1921,American,1921-2-22,Marshall Teague,0.0
614,,1930,American,1930-9-23,Don Edmunds,0.0
615,,1913,American,1913-8-21,Fred Agabashian,0.0
616,,1928,American,1928-7-15,Elmer George,0.0
617,,1932,British,1932-9-13,Mike MacDowel,0.0
618,,1927,American,1927-6-23,Herbert MacKay-Fraser,0.0
619,,1914,British,1914-1-19,Bob Gerard,0.0
620,,1928,Italian,1928-6-5,Umberto Maglioli,0.0
621,,1929,Australian,1929-3-28,Paul England,0.0
622,,1907,Brazilian,1907-7-14,Chico Landi,0.0
623,,1924,Uruguayan,1924-7-11,Alberto Uria,0.0
624,,1925,Brazilian,1925-12-7,Hernando da Silva Ramos,0.0
625,,1914,French,1914-2-28,Élie Bayol,0.0
626,,1917,French,1917-4-12,Robert Manzon,0.0
627,,1905,French,1905-11-5,Louis Rosier,0.0
628,,1926,American,1926-5-20,Bob Sweikert,0.0
629,,1916,American,1916-2-6,Cliff Griffith,0.0
630,,1913,American,1913-4-10,Duke Dinsmore,0.0
631,,1920,American,1920-6-15,Keith Andrews,0.0
632,,1917,Belgian,1917-1-30,Paul Frère,0.0
633,,1909,Italian,1909-5-16,Luigi Villoresi,0.0
634,,1909,Italian,1909-11-11,Piero Scotti,0.0
635,,1928,British,1928-5-19,Colin Chapman,0.0
636,,1928,British,1928-5-1,Desmond Titterington,0.0
637,,1927,British,1927-5-13,Archie Scott Brown,0.0
638,,1917,Swiss,1917-12-7,Ottorino Volonterio,0.0
639,,1928,Belgian,1928-12-9,André Milhoux,0.0
640,,1914,Swiss,1914-5-18,Toulo de Graffenried,0.0
641,,1906,Italian,1906-10-12,Piero Taruffi,0.0
642,,1906,Italian,1906-10-30,Nino Farina,0.0
643,,1924,Argentine,1924-12-3,Roberto Mieres,0.0
644,,1929,Italian,1929-5-22,Sergio Mantovani,0.0
645,,1920,Argentine,1920-9-4,Clemar Bucci,0.0
646,,1922,Argentine,1922-2-22,Jesús Iglesias,0.0
647,,1918,Italian,1918-7-13,Alberto Ascari,0.0
648,,1910,German,1910-9-16,Karl Kling,0.0
649,,1924,Argentine,1924-1-7,Pablo Birger,0.0
650,,1922,French,1922-7-2,Jacques Pollet,0.0
651,,1919,British,1919-9-2,Lance Macklin,0.0
652,,1928,British,1928-11-1,Ted Whiteaway,0.0
653,,1929,American,1929-8-8,Jimmy Davies,0.0
654,,1920,American,1920-2-16,Walt Faulkner,0.0
655,,1914,American,1914-4-29,Cal Niday,0.0
656,,1918,American,1918-1-24,Art Cross,0.0
657,,1918,American,1918-12-13,Bill Vukovich,0.0
658,,1919,American,1919-10-8,Jack McGrath,0.0
659,,1929,American,1929-1-29,Jerry Hoyt,0.0
660,,1916,Belgian,1916-8-11,Johnny Claes,0.0
661,,1912,British,1912-10-7,Peter Walker,0.0
662,,1930,French,1930-6-16,Mike Sparken,0.0
663,,1916,British,1916-3-21,Ken Wharton,0.0
664,,1920,British,1920-9-21,Kenneth McAlpine,0.0
665,,1922,British,1922-8-14,Leslie Marr,0.0
666,,1918,British,1918-10-16,Tony Rolt,0.0
667,,1917,American,1917-8-4,John Fitch,0.0
668,,1917,French,1917-4-25,Jean Lucas,0.0
669,,1914,Thai,1914-7-15,Prince Bira,0.0
670,,1923,Argentine,1923-12-19,Onofre Marimón,0.0
671,,1907,French,1907-8-5,Roger Loyer,0.0
672,,1923,Argentine,1923-6-5,Jorge Daponte,0.0
673,,1921,American,1921-10-2,Mike Nazaruk,0.0
674,,1926,American,1926-10-23,Larry Crockett,0.0
675,,1921,American,1921-10-20,Manny Ayulo,0.0
676,,1918,American,1918-10-12,Frank Armi,0.0
677,,1910,American,1910-10-8,Travis Webb,0.0
678,,1911,American,1911-7-25,Len Duncan,0.0
679,,1921,American,1921-2-19,Ernie McCoy,0.0
680,,1926,American,1926-10-30,Jacques Swaters,0.0
681,,1918,Belgian,1918-9-14,Georges Berger,0.0
682,,1928,British,1928-7-26,Don Beauman,0.0
683,,1916,British,1916-6-23,Leslie Thorne,0.0
684,,1909,British,1909-4-1,Bill Whitehouse,0.0
685,,1924,British,1924-1-17,John Riseley-Prichard,0.0
686,,1911,British,1911-7-2,Reg Parnell,0.0
687,,1914,British,1914-11-12,Peter Whitehead,0.0
688,,1920,British,1920-7-18,Eric Brandon,0.0
689,,1919,British,1919-11-20,Alan Brown,0.0
690,,1929,British,1929-6-26,Rodney Nuckey,0.0
691,,1909,German,1909-4-6,Hermann Lang,0.0
692,,1913,German,1913-5-13,Theo Helfrich,0.0
693,,1918,American,1918-7-10,Fred Wacker,0.0
694,,1925,Italian,1925-3-10,Giovanni de Riu,0.0
695,,1913,Argentine,1913-8-17,Oscar Gálvez,0.0
696,,1929,British,1929-7-22,John Barber,0.0
697,,1903,Italian,1903-6-9,Felice Bonetto,0.0
698,,1923,Argentine,1923-6-28,Adolfo Cruz,0.0
699,,1913,American,1913-3-2,Duke Nalon,0.0
700,,1914,American,1914-7-3,Carl Scarborough,0.0
701,,1907,American,1907-12-18,Bill Holland,0.0
702,,1928,American,1928-10-4,Bob Scott,0.0
703,,1898,Belgian,1898-11-1,Arthur Legat,0.0
704,,1904,French,1904-10-8,Yves Cabantous,0.0
705,,1920,British,1920-2-16,Tony Crook,0.0
706,,1931,British,1931-3-6,Jimmy Stewart,0.0
707,,1929,British,1929-7-15,Ian Stewart,0.0
708,,1920,British,1920-4-30,Duncan Hamilton,0.0
709,,1903,East German,1903-5-23,Ernst Klodwig,0.0
710,,1907,East German,1907-3-30,Rudolf Krause,0.0
711,,1917,German,1917-3-6,Oswald Karch,0.0
712,,1922,German,1922-2-13,Willi Heeks,0.0
713,,1923,East German,1923-2-10,Theo Fitzau,0.0
714,,1921,German,1921-11-5,Kurt Adolff,0.0
715,,1921,German,1921-12-21,Günther Bechem,0.0
716,,1912,German,1912-7-17,Erwin Bauer,0.0
717,,1900,German,1900-12-27,Hans von Stuck,0.0
718,,1907,German,1907-7-4,Ernst Loof,0.0
719,,1908,Swiss,1908-2-28,Albert Scherrer,0.0
720,,1918,Swiss,1918-10-6,Max de Terra,0.0
721,,1910,Swiss,1910-3-30,Peter Hirt,0.0
722,,1921,Italian,1921-3-6,Piero Carini,0.0
723,,1912,Swiss,1912-4-19,Rudi Fischer,0.0
724,,1906,German,1906-1-25,Toni Ulmen,0.0
725,,1913,British,1913-3-21,George Abecassis,0.0
726,,1906,American,1906-8-16,George Connor,0.0
727,,1923,American,1923-6-6,Jim Rigsby,0.0
728,,1925,American,1925-5-23,Joe James,0.0
729,,1909,American,1909-3-6,Bill Schindler,0.0
730,,1917,American,1917-6-22,George Fonder,0.0
731,,1913,American,1913-6-14,Henry Banks,0.0
732,,1915,American,1915-1-29,Johnny McDowell,0.0
733,,1902,American,1902-7-19,Chet Miller,0.0
734,,1925,American,1925-8-26,Bobby Ball,0.0
735,,1927,Belgian,1927-6-7,Charles de Tornaco,0.0
736,,1913,Belgian,1913-2-21,Roger Laurent,0.0
737,,1908,American,1908-4-11,Robert O'Brien,0.0
738,,1920,Australian,1920-2-3,Tony Gaze,0.0
739,,1915,British,1915-6-23,Robin Montgomerie-Charrington,0.0
740,,1906,Italian,1906-7-24,Franco Comotti,0.0
741,,1896,French,1896-12-28,Philippe Étancelin,0.0
742,,1916,British,1916-8-19,Dennis Poore,0.0
743,,1919,British,1919-11-4,Eric Thompson,0.0
744,,1917,British,1917-12-5,Ken Downing,0.0
745,,1922,British,1922-4-15,Graham Whitehead,0.0
746,,1916,Brazilian,1916-7-22,Gino Bianco,0.0
747,,1909,British,1909-12-28,David Murray,0.0
748,,1906,Uruguayan,1906-10-4,Eitel Cantoni,0.0
749,,1900,British,1900-3-29,Bill Aston,0.0
750,,1899,German,1899-10-15,Adolf Brudes,0.0
751,,1922,German,1922-7-11,Fritz Riess,0.0
752,,1915,German,1915-11-29,Helmut Niedermayr,0.0
753,,1919,German,1919-10-28,Hans Klenk,0.0
754,,1909,French,1909-1-1,Marcel Balsa,0.0
755,,1902,Swiss,1902-4-27,Rudolf Schoeller,0.0
756,,1911,German,1911-6-20,Paul Pietsch,0.0
757,,1914,German,1914-9-16,Josef Peters,0.0
758,,1919,Dutch,1919-8-23,Dries van der Lof,0.0
759,,1919,Dutch,1919-10-2,Jan Flinterman,0.0
760,,1899,Italian,1899-10-13,Piero Dusio,0.0
761,,1920,Argentine,1920-1-16,Alberto Crespo,0.0
762,,1908,Italian,1908-6-5,Franco Rol,0.0
763,,1911,Italian,1911-3-28,Consalvo Sanesi,0.0
764,,1910,French,1910-8-10,Guy Mairesse,0.0
765,,1910,French,1910-1-25,Henri Louveau,0.0
766,,1910,American,1910-9-7,Lee Wallard,0.0
767,,1911,American,1911-3-4,Carl Forberg,0.0
768,,1906,American,1906-5-26,Mauri Rose,0.0
769,,1927,American,1927-12-15,Bill Mackey,0.0
770,,1919,American,1919-9-30,Cecil Green,0.0
771,,1911,American,1911-12-30,Walt Brown,0.0
772,,1915,American,1915-9-14,Mack Hellings,0.0
773,,1905,French,1905-12-22,Pierre Levegh,0.0
774,,1907,French,1907-4-12,Eugène Chaboud,0.0
775,,1921,French,1921-5-20,Aldo Gordini,0.0
776,,1913,Irish,1913-3-13,Joe Kelly,0.0
777,,1907,British,1907-9-22,Philip Fotheringham-Parker,0.0
778,,1915,British,1915-1-28,Brian Shawe Taylor,0.0
779,,1914,British,1914-5-10,John James,0.0
780,,1916,Swiss,1916-9-15,Toni Branca,0.0
781,,1911,British,1911-8-21,Ken Richardson,0.0
782,,1903,Spanish,1903-11-23,Juan Jover,0.0
783,,1905,French,1905-7-25,Georges Grignard,0.0
784,,1917,British,1917-12-29,David Hampshire,0.0
785,,1921,British,1921-5-11,Geoff Crossley,0.0
786,,1898,Italian,1898-6-9,Luigi Fagioli,0.0
787,,1906,British,1906-7-6,Cuth Harrison,0.0
788,,1915,British,1915-10-26,Joe Fry,0.0
789,,1915,French,1915-3-24,Eugène Martin,0.0
790,,1912,British,1912-3-22,Leslie Johnson,0.0
791,,1898,Italian,1898-8-18,Clemente Biondetti,0.0
792,,1912,Argentine,1912-10-21,Alfredo Pián,0.0
793,,1906,French,1906-8-31,Raymond Sommer,0.0
794,,1912,American,1912-4-14,Joie Chitwood,0.0
795,,1912,American,1912-6-17,Myron Fohr,0.0
796,,1913,American,1913-12-15,Walt Ader,0.0
797,,1920,American,1920-9-4,Jackie Holmes,0.0
798,,1914,American,1914-2-14,Bayliss Levrett,0.0
799,,1910,American,1910-7-25,Jimmy Jackson,0.0
800,,1911,Italian,1911-10-11,Nello Pagani,0.0
801,,1909,French,1909-8-27,Charles Pozzi,0.0
802,,1909,Italian,1909-7-22,Dorino Serafini,0.0
803,,1908,American,1908-1-31,Bill Cantrell,0.0
804,,1918,American,1918-9-18,Johnny Mantz,0.0
805,,1917,American,1917-2-10,Danny Kladis,0.0
806,,1923,Uruguayan,1923-11-10,Óscar González,0.0
807,HUL,1987,German,1987-8-19,Nico Hülkenberg,27.0
808,PET,1984,Russian,1984-9-8,Vitaly Petrov,0.0
810,DIG,1984,Brazilian,1984-8-11,Lucas di Grassi,0.0
811,SEN,1983,Brazilian,1983-10-15,Bruno Senna,0.0
812,CHA,1984,Indian,1984-1-19,Karun Chandhok,0.0
813,MAL,1985,Venezuelan,1985-3-9,Pastor Maldonado,13.0
814,DIR,1986,British,1986-4-16,Paul di Resta,0.0
815,PER,1990,Mexican,1990-1-26,Sergio Pérez,11.0
816,DAM,1985,Belgian,1985-12-27,Jérôme d'Ambrosio,0.0
817,RIC,1989,Australian,1989-7-1,Daniel Ricciardo,3.0
818,VER,1990,French,1990-4-25,Jean-Éric Vergne,25.0
819,PIC,1990,French,1990-2-15,Charles Pic,0.0
820,CHI,1991,British,1991-4-21,Max Chilton,4.0
821,GUT,1991,Mexican,1991-8-5,Esteban Gutiérrez,21.0
822,BOT,1989,Finnish,1989-8-28,Valtteri Bottas,77.0
823,VDG,1985,Dutch,1985-4-25,Giedo van der Garde,0.0
824,BIA,1989,French,1989-8-3,Jules Bianchi,17.0
825,MAG,1992,Danish,1992-10-5,Kevin Magnussen,20.0
826,KVY,1994,Russian,1994-4-26,Daniil Kvyat,26.0
827,LOT,1981,German,1981-11-19,André Lotterer,45.0
828,ERI,1990,Swedish,1990-9-2,Marcus Ericsson,9.0
829,STE,1991,British,1991-6-28,Will Stevens,28.0
830,VER,1997,Dutch,1997-9-30,Max Verstappen,33.0
831,NAS,1992,Brazilian,1992-8-21,Felipe Nasr,12.0
832,SAI,1994,Spanish,1994-9-1,Carlos Sainz,55.0
833,MER,1991,Spanish,1991-3-22,Roberto Merhi,98.0
834,RSS,1991,American,1991-9-25,Alexander Rossi,53.0
835,PAL,1991,British,1991-1-20,Jolyon Palmer,30.0
836,WEH,1994,German,1994-10-18,Pascal Wehrlein,94.0
837,HAR,1993,Indonesian,1993-1-22,Rio Haryanto,88.0
838,VAN,1992,Belgian,1992-3-26,Stoffel Vandoorne,2.0
839,OCO,1996,French,1996-9-17,Esteban Ocon,31.0
840,STR,1998,Canadian,1998-10-29,Lance Stroll,18.0
841,GIO,1993,Italian,1993-12-14,Antonio Giovinazzi,99.0
842,GAS,1996,French,1996-2-7,Pierre Gasly,10.0
843,HAR,1989,New Zealander,1989-11-10,Brendon Hartley,28.0
844,LEC,1997,Monegasque,1997-10-16,Charles Leclerc,16.0
845,SIR,1995,Russian,1995-8-27,Sergey Sirotkin,35.0
846,NOR,1999,British,1999-11-13,Lando Norris,4.0
847,RUS,1998,British,1998-2-15,George Russell,63.0
848,ALB,1996,Thai,1996-3-23,Alexander Albon,23.0
849,LAT,1995,Canadian,1995-6-29,Nicholas Latifi,6.0
850,FIT,1996,Brazilian,1996-6-25,Pietro Fittipaldi,51.0
851,AIT,1995,British,1995-9-23,Jack Aitken,89.0
852,TSU,2000,Japanese,2000-5-11,Yuki Tsunoda,0.0
853,MAZ,1999,Russian,1999-3-2,Nikita Mazepin,0.0
854,SCH,1999,German,1999-3-22,Mick Schumacher,0.0
